State,County,Year,Days with AQI,Good Days,Moderate Days,Unhealthy for Sensitive Groups Days,Unhealthy Days,Very Unhealthy Days,Hazardous Days,Max AQI,90th Percentile AQI,Median AQI,Days CO,Days NO2,Days Ozone,Days SO2,Days PM2.5,Days PM10,FIPS
Alabama,DeKalb,2018,58,58,0,0,0,0,0,44,37,31,0,0,58,0,0,0,01
Alabama,Etowah,2018,59,27,31,0,1,0,0,153,62,52,0,0,0,0,59,0,01
Alabama,Jefferson,2018,59,38,21,0,0,0,0,72,57,47,0,1,6,7,44,1,01
Alabama,Mobile,2018,59,55,4,0,0,0,0,53,38,17,0,0,0,20,39,0,01
Alabama,Morgan,2018,59,54,5,0,0,0,0,56,50,29,0,0,0,0,59,0,01
Alabama,Russell,2018,59,35,24,0,0,0,0,84,63,45,0,0,0,0,59,0,01
Alabama,Shelby,2018,58,57,0,1,0,0,0,124,9,0,0,0,0,58,0,0,01
Alabama,Sumter,2018,59,59,0,0,0,0,0,45,36,19,0,0,0,9,50,0,01
Alabama,Tuscaloosa,2018,54,43,11,0,0,0,0,62,54,38,0,0,0,0,54,0,01
Alaska,Denali ,2018,90,90,0,0,0,0,0,49,44,39,0,0,90,0,0,0,02
Arizona,Apache,2018,94,94,0,0,0,0,0,26,16,10,0,0,0,0,8,86,04
Arizona,Cochise,2018,90,85,5,0,0,0,0,63,49,44,0,0,78,0,1,11,04
Arizona,Coconino,2018,90,89,1,0,0,0,0,61,47,43,0,0,90,0,0,0,04
Arizona,Gila,2018,90,34,33,20,3,0,0,181,126,64,0,0,29,57,0,4,04
Arizona,La Paz,2018,90,87,3,0,0,0,0,67,48,41,0,0,87,0,3,0,04
Arizona,Maricopa,2018,90,17,71,1,0,1,0,249,80,62,0,6,21,0,26,37,04
Arizona,Mohave,2018,90,88,2,0,0,0,0,82,21,9,0,0,0,0,0,90,04
Arizona,Navajo,2018,90,89,1,0,0,0,0,54,47,40,0,0,86,0,0,4,04
Arizona,Pima,2018,90,71,19,0,0,0,0,85,56,39,0,0,0,0,0,90,04
Arizona,Pinal,2018,90,83,7,0,0,0,0,67,50,44,0,0,90,0,0,0,04
Arizona,Santa Cruz,2018,89,61,27,0,1,0,0,183,64,39,0,0,0,0,50,39,04
Arizona,Yavapai,2018,90,90,0,0,0,0,0,50,46,39,0,0,90,0,0,0,04
Arizona,Yuma,2018,90,72,16,2,0,0,0,130,59,44,0,0,54,0,6,30,04
Arkansas,Arkansas,2018,28,24,4,0,0,0,0,58,52,32,0,0,0,0,28,0,05
Arkansas,Ashley,2018,30,30,0,0,0,0,0,49,43,25,0,0,0,0,30,0,05
Arkansas,Clark,2018,59,59,0,0,0,0,0,40,36,28,0,0,59,0,0,0,05
Arkansas,Crittenden,2018,90,85,5,0,0,0,0,67,47,36,0,6,50,0,34,0,05
Arkansas,Garland,2018,30,23,7,0,0,0,0,64,57,29,0,0,0,0,30,0,05
Arkansas,Jackson,2018,30,27,3,0,0,0,0,66,54,30,0,0,0,0,30,0,05
Arkansas,Newton,2018,90,88,2,0,0,0,0,84,45,34,0,0,90,0,0,0,05
Arkansas,Polk,2018,90,82,8,0,0,0,0,93,50,38,0,0,78,0,12,0,05
Arkansas,Pulaski,2018,90,78,12,0,0,0,0,74,52,39,0,0,38,0,52,0,05
Arkansas,Union,2018,90,79,11,0,0,0,0,66,54,34,0,0,0,0,90,0,05
Arkansas,Washington,2018,90,72,18,0,0,0,0,87,59,38,0,0,57,0,33,0,05
California,Alameda,2018,59,26,32,1,0,0,0,110,83,52,0,4,4,0,51,0,06
California,Colusa,2018,81,81,0,0,0,0,0,41,19,7,0,0,0,0,81,0,06
California,Contra Costa,2018,59,37,20,2,0,0,0,145,81,48,0,0,4,0,55,0,06
California,Fresno,2018,120,88,29,3,0,0,0,128,74,43,0,0,90,0,30,0,06
California,Humboldt,2018,88,86,2,0,0,0,0,53,38,29,0,3,64,0,15,6,06
California,Inyo,2018,88,86,2,0,0,0,0,71,46,40,0,0,84,0,0,4,06
California,Kern,2018,120,106,14,0,0,0,0,80,52,32,0,0,47,0,70,3,06
California,Kings,2018,89,74,15,0,0,0,0,98,57,38,0,0,60,0,0,29,06
California,Marin,2018,59,47,11,1,0,0,0,123,66,36,0,6,16,0,37,0,06
California,Mariposa,2018,90,90,0,0,0,0,0,49,45,40,0,0,90,0,0,0,06
California,Mono,2018,90,89,1,0,0,0,0,54,35,15,0,0,0,0,0,90,06
California,Monterey,2018,59,56,3,0,0,0,0,64,40,34,0,1,51,0,6,1,06
California,Napa,2018,59,22,37,0,0,0,0,89,72,54,0,0,2,0,57,0,06
California,Nevada,2018,31,29,2,0,0,0,0,67,49,44,0,0,31,0,0,0,06
California,Placer,2018,90,89,1,0,0,0,0,52,47,40,0,0,84,0,6,0,06
California,Riverside,2018,120,71,34,11,2,2,0,241,112,46,0,0,91,0,5,24,06
California,San Benito,2018,90,88,2,0,0,0,0,59,43,37,0,0,83,0,7,0,06
California,San Bernardino,2018,90,84,6,0,0,0,0,80,49,44,0,0,90,0,0,0,06
California,San Diego,2018,17,17,0,0,0,0,0,38,29,11,0,0,0,0,0,17,06
California,San Francisco,2018,59,35,23,1,0,0,0,111,72,45,0,8,10,0,41,0,06
California,San Mateo,2018,59,43,16,0,0,0,0,83,69,36,0,9,17,0,33,0,06
California,Santa Clara,2018,59,38,19,2,0,0,0,124,70,40,0,7,12,0,40,0,06
California,Santa Cruz,2018,59,58,1,0,0,0,0,55,40,34,0,0,36,0,23,0,06
California,Shasta,2018,86,86,0,0,0,0,0,49,44,40,0,0,86,0,0,0,06
California,Solano,2018,89,68,20,1,0,0,0,132,63,39,0,1,46,0,42,0,06
California,Sonoma,2018,59,50,9,0,0,0,0,84,59,35,0,0,27,0,32,0,06
California,Tulare,2018,90,82,8,0,0,0,0,74,50,37,0,0,90,0,0,0,06
California,Ventura,2018,90,72,18,0,0,0,0,94,63,44,0,1,52,0,35,2,06
California,Yolo,2018,90,90,0,0,0,0,0,48,40,34,0,0,90,0,0,0,06
Colorado,Adams,2018,107,75,31,1,0,0,0,102,67,43,0,26,20,0,31,30,08
Colorado,Alamosa,2018,107,100,6,0,0,1,0,235,46,18,0,0,0,0,0,107,08
Colorado,Arapahoe,2018,90,86,4,0,0,0,0,85,49,43,0,0,84,0,6,0,08
Colorado,Archuleta,2018,119,102,17,0,0,0,0,97,58,42,0,1,94,0,0,24,08
Colorado,Boulder,2018,94,87,7,0,0,0,0,96,49,41,0,0,81,0,11,2,08
Colorado,Clear Creek,2018,17,11,6,0,0,0,0,58,54,50,0,0,17,0,0,0,08
Colorado,Delta,2018,31,31,0,0,0,0,0,41,34,18,0,0,0,0,0,31,08
Colorado,Denver,2018,107,63,42,2,0,0,0,106,70,48,0,60,11,0,31,5,08
Colorado,Douglas,2018,94,76,16,2,0,0,0,128,58,43,0,0,62,0,32,0,08
Colorado,El Paso,2018,90,82,8,0,0,0,0,70,50,43,0,0,80,0,10,0,08
Colorado,Fremont,2018,9,9,0,0,0,0,0,20,20,13,0,0,0,0,0,9,08
Colorado,Garfield,2018,98,97,1,0,0,0,0,54,44,36,0,0,87,0,0,11,08
Colorado,Gunnison,2018,83,81,2,0,0,0,0,61,46,41,0,0,49,0,0,34,08
Colorado,Jefferson,2018,90,89,1,0,0,0,0,58,47,44,0,0,90,0,0,0,08
Colorado,La Plata,2018,120,102,18,0,0,0,0,93,58,44,0,1,115,0,2,2,08
Colorado,Larimer,2018,95,85,10,0,0,0,0,98,51,46,0,0,75,0,15,5,08
Colorado,Mesa,2018,90,81,9,0,0,0,0,59,51,41,0,0,63,0,27,0,08
Colorado,Moffat,2018,89,89,0,0,0,0,0,48,44,40,0,0,89,0,0,0,08
Colorado,Montezuma,2018,89,89,0,0,0,0,0,49,47,42,0,0,89,0,0,0,08
Colorado,Montrose,2018,73,73,0,0,0,0,0,47,43,36,0,0,73,0,0,0,08
Colorado,Pitkin,2018,28,28,0,0,0,0,0,42,33,11,0,0,0,0,0,28,08
Colorado,Prowers,2018,109,105,3,1,0,0,0,103,37,17,0,0,0,0,0,109,08
Colorado,Pueblo,2018,32,32,0,0,0,0,0,41,38,21,0,0,0,0,18,14,08
Colorado,Rio Blanco,2018,90,87,3,0,0,0,0,53,48,42,0,0,88,0,2,0,08
Colorado,Routt,2018,97,97,0,0,0,0,0,49,39,18,0,0,0,0,0,97,08
Colorado,San Miguel,2018,31,31,0,0,0,0,0,42,33,19,0,0,0,0,0,31,08
Colorado,Weld,2018,96,70,24,2,0,0,0,108,69,44,0,0,50,0,40,6,08
Connecticut,Windham,2018,59,59,0,0,0,0,0,42,38,33,0,0,59,0,0,0,09
Country Of Mexico,BAJA CALIFORNIA NORTE,2018,109,14,62,22,11,0,0,192,152,73,0,0,0,0,109,0,#N/A
Country Of Mexico,SONORA,2018,90,90,0,0,0,0,0,46,40,34,0,0,90,0,0,0,#N/A
Delaware,Kent,2018,90,86,4,0,0,0,0,54,44,36,0,0,63,0,27,0,10
Delaware,New Castle,2018,90,66,24,0,0,0,0,77,59,42,0,1,43,1,45,0,10
Delaware,Sussex,2018,90,85,5,0,0,0,0,59,46,37,0,0,74,0,16,0,10
District Of Columbia,District of Columbia,2018,120,83,37,0,0,0,0,79,61,38,0,0,0,0,120,0,11
Florida,Broward,2018,90,70,20,0,0,0,0,87,58,40,0,7,56,0,27,0,12
Florida,Hillsborough,2018,133,69,60,4,0,0,0,122,78,50,0,0,67,6,58,2,12
Florida,Indian River,2018,58,58,0,0,0,0,0,49,44,39,0,0,58,0,0,0,12
Florida,Liberty,2018,58,58,0,0,0,0,0,44,39,32,0,0,58,0,0,0,12
Georgia,Bibb,2018,59,57,2,0,0,0,0,69,47,30,0,0,0,11,48,0,13
Georgia,Chatham,2018,59,53,6,0,0,0,0,75,52,30,0,0,0,26,33,0,13
Georgia,Clarke,2018,11,11,0,0,0,0,0,32,25,19,0,0,0,0,11,0,13
Georgia,DeKalb,2018,59,46,13,0,0,0,0,59,56,39,0,12,12,0,35,0,13
Georgia,Dougherty,2018,59,44,15,0,0,0,0,79,64,29,0,0,0,0,59,0,13
Georgia,Floyd,2018,59,47,12,0,0,0,0,67,57,35,0,0,0,1,58,0,13
Georgia,Fulton,2018,59,48,11,0,0,0,0,63,55,35,0,12,0,0,47,0,13
Georgia,Gwinnett,2018,48,38,10,0,0,0,0,60,56,38,0,0,0,0,48,0,13
Georgia,Hall,2018,48,43,5,0,0,0,0,55,51,29,0,0,0,0,48,0,13
Georgia,Henry,2018,56,52,4,0,0,0,0,55,40,20,0,0,0,0,56,0,13
Georgia,Houston,2018,39,32,7,0,0,0,0,67,62,29,0,0,0,0,39,0,13
Georgia,Lowndes,2018,49,43,6,0,0,0,0,74,52,36,0,0,0,0,49,0,13
Georgia,Muscogee,2018,59,55,4,0,0,0,0,58,45,21,0,0,0,0,59,0,13
Georgia,Pike,2018,58,58,0,0,0,0,0,42,39,32,0,0,58,0,0,0,13
Georgia,Richmond,2018,59,44,15,0,0,0,0,81,56,37,0,0,0,4,46,9,13
Georgia,Walker,2018,48,36,12,0,0,0,0,64,58,40,0,0,0,0,48,0,13
Hawaii,Hawaii,2018,90,46,6,12,26,0,0,200,200,50,0,0,0,69,21,0,15
Idaho,Bannock,2018,120,120,0,0,0,0,0,50,28,12,0,0,0,0,74,46,16
Idaho,Butte,2018,90,90,0,0,0,0,0,47,44,36,0,0,90,0,0,0,16
Idaho,Idaho,2018,90,86,4,0,0,0,0,71,40,34,0,0,34,0,56,0,16
Idaho,Jerome,2018,90,90,0,0,0,0,0,46,25,16,0,0,0,0,90,0,16
Idaho,Nez Perce,2018,90,90,0,0,0,0,0,32,14,7,0,0,0,0,90,0,16
Illinois,Adams,2018,31,31,0,0,0,0,0,42,38,34,0,0,31,0,0,0,17
Illinois,Champaign,2018,90,80,10,0,0,0,0,67,53,38,0,0,46,0,44,0,17
Illinois,Clark,2018,90,90,0,0,0,0,0,45,41,31,0,0,90,0,0,0,17
Illinois,Cook,2018,90,46,44,0,0,0,0,89,68,50,0,27,16,0,47,0,17
Illinois,DuPage,2018,89,67,22,0,0,0,0,79,61,41,0,0,16,0,73,0,17
Illinois,Effingham,2018,31,31,0,0,0,0,0,49,45,39,0,0,31,0,0,0,17
Illinois,Hamilton,2018,88,75,13,0,0,0,0,84,55,38,0,0,21,0,67,0,17
Illinois,Jersey,2018,81,71,10,0,0,0,0,71,52,38,0,0,23,0,58,0,17
Illinois,Jo Daviess,2018,56,56,0,0,0,0,0,44,40,31,0,0,56,0,0,0,17
Illinois,Kane,2018,90,83,7,0,0,0,0,73,45,34,0,0,78,0,12,0,17
Illinois,La Salle,2018,90,90,0,0,0,0,0,33,4,1,0,0,0,90,0,0,17
Illinois,Lake,2018,82,82,0,0,0,0,0,48,45,35,0,0,82,0,0,0,17
Illinois,Macon,2018,90,62,28,0,0,0,0,77,62,41,0,0,23,1,66,0,17
Illinois,Macoupin,2018,89,89,0,0,0,0,0,50,42,7,0,27,31,31,0,0,17
Illinois,Madison,2018,90,68,22,0,0,0,0,86,60,43,0,0,34,0,56,0,17
Illinois,McHenry,2018,90,79,11,0,0,0,0,68,53,40,0,0,65,0,25,0,17
Illinois,McLean,2018,90,69,21,0,0,0,0,73,61,40,0,0,34,0,56,0,17
Illinois,Peoria,2018,90,60,30,0,0,0,0,76,62,43,0,0,26,0,64,0,17
Illinois,Randolph,2018,90,63,27,0,0,0,0,82,62,45,0,0,10,0,80,0,17
Illinois,Rock Island,2018,90,68,22,0,0,0,0,76,62,42,0,0,36,0,54,0,17
Illinois,Saint Clair,2018,90,75,15,0,0,0,0,71,55,42,0,3,15,0,72,0,17
Illinois,Sangamon,2018,90,72,18,0,0,0,0,72,58,40,0,0,39,0,51,0,17
Illinois,Tazewell,2018,90,90,0,0,0,0,0,23,7,1,0,0,0,90,0,0,17
Illinois,Will,2018,90,61,29,0,0,0,0,79,66,44,0,0,30,0,60,0,17
Illinois,Winnebago,2018,89,85,4,0,0,0,0,74,45,33,0,0,80,0,9,0,17
Indiana,Allen,2018,69,52,17,0,0,0,0,77,62,36,0,0,23,0,46,0,18
Indiana,Bartholomew,2018,90,81,8,1,0,0,0,102,52,37,0,0,59,0,31,0,18
Indiana,Boone,2018,90,90,0,0,0,0,0,45,39,30,0,0,90,0,0,0,18
Indiana,Brown,2018,90,90,0,0,0,0,0,48,43,32,0,0,90,0,0,0,18
Indiana,Carroll,2018,85,85,0,0,0,0,0,44,38,29,0,0,85,0,0,0,18
Indiana,Clark,2018,90,85,5,0,0,0,0,84,46,32,0,0,75,0,15,0,18
Indiana,Delaware,2018,89,82,6,1,0,0,0,113,45,31,0,0,76,0,13,0,18
Indiana,Dubois,2018,30,22,8,0,0,0,0,87,64,35,0,0,0,0,29,1,18
Indiana,Elkhart,2018,69,59,10,0,0,0,0,84,56,33,0,0,32,0,37,0,18
Indiana,Floyd,2018,82,74,8,0,0,0,0,60,50,35,0,0,59,0,23,0,18
Indiana,Greene,2018,90,85,5,0,0,0,0,89,44,33,0,0,78,0,12,0,18
Indiana,Hamilton,2018,90,77,12,1,0,0,0,108,57,37,0,0,49,0,41,0,18
Indiana,Hendricks,2018,90,90,0,0,0,0,0,45,39,31,0,0,90,0,0,0,18
Indiana,Henry,2018,30,25,4,1,0,0,0,111,61,27,0,0,0,0,30,0,18
Indiana,Howard,2018,89,71,18,0,0,0,0,89,58,37,0,0,47,0,42,0,18
Indiana,Huntington,2018,59,59,0,0,0,0,0,40,35,28,0,0,59,0,0,0,18
Indiana,Jackson,2018,90,90,0,0,0,0,0,45,39,31,0,0,90,0,0,0,18
Indiana,Knox,2018,59,59,0,0,0,0,0,44,35,30,0,0,59,0,0,0,18
Indiana,LaPorte,2018,67,63,4,0,0,0,0,64,43,30,0,0,52,0,15,0,18
Indiana,Lake,2018,90,60,30,0,0,0,0,80,63,41,0,25,8,0,55,2,18
Indiana,Madison,2018,90,72,17,1,0,0,0,107,55,39,0,0,47,0,43,0,18
Indiana,Marion,2018,90,63,26,1,0,0,0,112,62,42,0,3,36,0,51,0,18
Indiana,Monroe,2018,50,44,6,0,0,0,0,97,52,34,0,0,0,0,50,0,18
Indiana,Morgan,2018,90,90,0,0,0,0,0,44,38,30,0,0,90,0,0,0,18
Indiana,Perry,2018,90,89,1,0,0,0,0,80,42,33,0,0,90,0,0,0,18
Indiana,Porter,2018,69,52,17,0,0,0,0,73,57,39,0,0,23,0,44,2,18
Indiana,Posey,2018,90,89,1,0,0,0,0,80,42,32,0,0,90,0,0,0,18
Indiana,Shelby,2018,90,90,0,0,0,0,0,45,41,31,0,0,90,0,0,0,18
Indiana,Spencer,2018,30,22,8,0,0,0,0,85,58,35,0,0,0,0,30,0,18
Indiana,St. Joseph,2018,89,72,17,0,0,0,0,89,54,33,0,28,28,0,33,0,18
Indiana,Sullivan,2018,92,74,18,0,0,0,0,91,57,32,0,0,0,0,92,0,18
Indiana,Tippecanoe,2018,65,53,12,0,0,0,0,72,57,33,0,0,0,0,65,0,18
Indiana,Vanderburgh,2018,90,77,13,0,0,0,0,83,54,36,0,0,50,0,40,0,18
Indiana,Vigo,2018,90,70,20,0,0,0,0,82,56,39,0,0,49,0,41,0,18
Indiana,Wabash,2018,59,59,0,0,0,0,0,44,37,30,0,0,59,0,0,0,18
Indiana,Warrick,2018,90,89,1,0,0,0,0,77,42,31,0,0,90,0,0,0,18
Indiana,Whitley,2018,69,48,21,0,0,0,0,81,64,37,0,0,0,0,69,0,18
Iowa,Black Hawk,2018,120,56,64,0,0,0,0,81,66,52,0,0,0,0,120,0,19
Iowa,Bremer,2018,61,57,4,0,0,0,0,80,49,42,0,0,61,0,0,0,19
Iowa,Cerro Gordo,2018,30,30,0,0,0,0,0,30,27,14,0,0,0,0,0,30,19
Iowa,Clinton,2018,120,71,49,0,0,0,0,84,65,47,0,0,39,0,81,0,19
Iowa,Harrison,2018,61,54,7,0,0,0,0,87,51,40,0,0,61,0,0,0,19
Iowa,Johnson,2018,120,96,24,0,0,0,0,79,57,37,0,0,0,0,120,0,19
Iowa,Lee,2018,30,21,9,0,0,0,0,76,63,35,0,0,0,0,30,0,19
Iowa,Linn,2018,120,91,29,0,0,0,0,97,60,43,0,0,49,2,69,0,19
Iowa,Montgomery,2018,120,90,30,0,0,0,0,80,57,42,0,0,37,0,83,0,19
Iowa,Muscatine,2018,120,79,41,0,0,0,0,76,63,45,0,0,0,2,118,0,19
Iowa,Palo Alto,2018,120,74,46,0,0,0,0,97,64,47,0,0,30,0,90,0,19
Iowa,Polk,2018,120,92,28,0,0,0,0,87,60,41,0,1,69,0,50,0,19
Iowa,Pottawattamie,2018,33,22,11,0,0,0,0,70,58,35,0,0,0,0,32,1,19
Iowa,Scott,2018,120,53,67,0,0,0,0,87,67,52,0,0,15,0,91,14,19
Iowa,Van Buren,2018,120,94,26,0,0,0,0,87,58,40,0,0,50,0,70,0,19
Iowa,Woodbury,2018,30,26,4,0,0,0,0,62,58,33,0,0,0,0,30,0,19
Kentucky,Edmonson,2018,89,88,1,0,0,0,0,67,42,32,0,0,88,1,0,0,21
Kentucky,Morgan,2018,59,59,0,0,0,0,0,46,39,33,0,0,59,0,0,0,21
Kentucky,Trigg,2018,58,58,0,0,0,0,0,49,39,31,0,0,58,0,0,0,21
Kentucky,Washington,2018,59,59,0,0,0,0,0,45,39,31,0,0,59,0,0,0,21
Louisiana,Ascension,2018,120,105,13,2,0,0,0,108,54,34,0,2,118,0,0,0,22
Louisiana,Bossier,2018,120,110,10,0,0,0,0,77,50,35,0,0,106,0,13,1,22
Louisiana,Caddo,2018,117,103,14,0,0,0,0,67,53,37,0,0,100,0,17,0,22
Louisiana,Calcasieu,2018,120,79,38,3,0,0,0,108,59,45,0,2,50,4,64,0,22
Louisiana,East Baton Rouge,2018,120,94,26,0,0,0,0,87,67,42,0,1,62,2,55,0,22
Louisiana,Iberville,2018,120,93,24,2,1,0,0,153,67,43,0,0,114,0,6,0,22
Louisiana,Jefferson,2018,120,106,14,0,0,0,0,80,51,40,0,1,74,0,45,0,22
Louisiana,Lafayette,2018,120,80,40,0,0,0,0,94,61,44,0,0,63,0,57,0,22
Louisiana,Lafourche,2018,120,106,14,0,0,0,0,77,54,36,0,0,118,0,2,0,22
Louisiana,Livingston,2018,120,103,17,0,0,0,0,100,54,40,0,0,73,0,47,0,22
Louisiana,Orleans,2018,120,115,5,0,0,0,0,55,46,33,0,12,0,0,107,1,22
Louisiana,Ouachita,2018,120,116,4,0,0,0,0,58,45,36,0,0,111,0,9,0,22
Louisiana,Pointe Coupee,2018,120,108,12,0,0,0,0,97,51,35,0,0,120,0,0,0,22
Louisiana,Rapides,2018,28,26,2,0,0,0,0,54,49,27,0,0,0,0,28,0,22
Louisiana,St. Bernard,2018,120,92,28,0,0,0,0,100,61,40,0,0,98,0,22,0,22
Louisiana,St. Charles,2018,120,114,5,1,0,0,0,110,37,1,0,0,0,120,0,0,22
Louisiana,St. James,2018,120,116,4,0,0,0,0,67,45,30,0,0,120,0,0,0,22
Louisiana,St. John the Baptist,2018,120,112,8,0,0,0,0,87,49,32,0,0,120,0,0,0,22
Louisiana,St. Martin,2018,113,101,12,0,0,0,0,84,51,38,0,0,113,0,0,0,22
Louisiana,St. Tammany,2018,120,109,11,0,0,0,0,77,48,36,0,0,116,0,4,0,22
Louisiana,Tangipahoa,2018,31,31,0,0,0,0,0,40,39,23,0,0,0,0,31,0,22
Louisiana,Terrebonne,2018,29,27,2,0,0,0,0,51,47,25,0,0,0,0,29,0,22
Louisiana,West Baton Rouge,2018,120,106,14,0,0,0,0,84,53,39,0,5,73,2,40,0,22
Maine,Androscoggin,2018,120,110,10,0,0,0,0,77,50,39,0,0,63,0,57,0,23
Maine,Aroostook,2018,120,97,23,0,0,0,0,74,58,37,0,0,24,0,96,0,23
Maine,Cumberland,2018,120,101,19,0,0,0,0,74,54,42,0,9,89,0,20,2,23
Maine,Hancock,2018,120,113,7,0,0,0,0,87,49,42,0,0,112,0,8,0,23
Maine,Kennebec,2018,119,113,6,0,0,0,0,87,48,37,0,42,66,1,8,2,23
Maine,Knox,2018,65,63,2,0,0,0,0,71,45,40,0,0,65,0,0,0,23
Maine,Oxford,2018,94,79,15,0,0,0,0,87,54,41,0,0,54,0,40,0,23
Maine,Penobscot,2018,120,105,15,0,0,0,0,87,52,41,0,0,60,0,60,0,23
Maine,Washington,2018,120,115,5,0,0,0,0,77,48,41,0,0,120,0,0,0,23
Maine,York,2018,74,68,6,0,0,0,0,93,50,43,0,0,74,0,0,0,23
Maryland,Allegany,2018,90,70,13,5,2,0,0,200,100,13,0,0,0,90,0,0,24
Maryland,Anne Arundel,2018,77,73,4,0,0,0,0,85,46,16,0,0,30,47,0,0,24
Maryland,Baltimore,2018,90,68,22,0,0,0,0,80,57,40,0,6,38,0,46,0,24
Maryland,Baltimore (City),2018,89,66,23,0,0,0,0,79,58,40,0,11,20,0,58,0,24
Maryland,Calvert,2018,31,31,0,0,0,0,0,47,44,40,0,0,31,0,0,0,24
Maryland,Carroll,2018,31,31,0,0,0,0,0,48,46,40,0,0,31,0,0,0,24
Maryland,Cecil,2018,87,74,13,0,0,0,0,71,56,39,0,0,24,0,63,0,24
Maryland,Charles,2018,28,28,0,0,0,0,0,50,45,41,0,0,28,0,0,0,24
Maryland,Dorchester,2018,90,86,4,0,0,0,0,59,44,35,0,0,77,0,13,0,24
Maryland,Frederick,2018,31,30,1,0,0,0,0,51,46,42,0,0,31,0,0,0,24
Maryland,Garrett,2018,87,86,1,0,0,0,0,51,45,37,0,0,83,0,4,0,24
Maryland,Harford,2018,88,74,14,0,0,0,0,65,56,38,0,0,28,0,60,0,24
Maryland,Howard,2018,90,72,18,0,0,0,0,75,61,35,0,19,0,0,71,0,24
Maryland,Kent,2018,90,82,8,0,0,0,0,65,48,38,0,0,26,0,64,0,24
Maryland,Montgomery,2018,81,69,12,0,0,0,0,68,53,40,0,0,27,0,54,0,24
Maryland,Prince George's,2018,90,80,10,0,0,0,0,65,52,38,0,3,55,0,32,0,24
Maryland,Washington,2018,89,74,15,0,0,0,0,73,55,38,0,0,26,0,63,0,24
Massachusetts,Barnstable,2018,86,86,0,0,0,0,0,47,43,38,0,0,86,0,0,0,25
Massachusetts,Berkshire,2018,90,77,13,0,0,0,0,73,58,29,0,0,0,0,90,0,25
Massachusetts,Bristol,2018,90,79,11,0,0,0,0,69,52,40,0,0,60,0,30,0,25
Massachusetts,Dukes,2018,87,87,0,0,0,0,0,45,44,39,0,0,87,0,0,0,25
Massachusetts,Essex,2018,90,86,4,0,0,0,0,59,45,38,0,1,73,0,16,0,25
Massachusetts,Franklin,2018,90,73,17,0,0,0,0,78,59,40,0,0,56,0,34,0,25
Massachusetts,Hampden,2018,90,70,20,0,0,0,0,73,59,36,0,17,32,0,41,0,25
Massachusetts,Hampshire,2018,90,88,2,0,0,0,0,60,45,37,0,1,75,0,14,0,25
Massachusetts,Middlesex,2018,90,90,0,0,0,0,0,44,42,35,0,0,90,0,0,0,25
Massachusetts,Norfolk,2018,83,83,0,0,0,0,0,43,40,34,0,3,80,0,0,0,25
Massachusetts,Plymouth,2018,89,86,3,0,0,0,0,67,43,35,0,0,76,0,13,0,25
Massachusetts,Suffolk,2018,90,48,42,0,0,0,0,82,66,50,0,2,12,0,76,0,25
Massachusetts,Worcester,2018,90,75,15,0,0,0,0,73,54,41,0,4,56,0,30,0,25
Michigan,Bay,2018,1,1,0,0,0,0,0,22,22,22,0,0,0,0,1,0,26
Michigan,Genesee,2018,1,1,0,0,0,0,0,25,25,25,0,0,0,0,1,0,26
Michigan,Ingham,2018,1,1,0,0,0,0,0,10,10,10,0,1,0,0,0,0,26
Michigan,Kent,2018,16,16,0,0,0,0,0,22,19,11,0,0,0,0,1,15,26
Michigan,Missaukee,2018,1,1,0,0,0,0,0,1,1,1,0,1,0,0,0,0,26
Michigan,Monroe,2018,15,15,0,0,0,0,0,45,36,9,0,0,0,0,0,15,26
Michigan,Ottawa,2018,15,15,0,0,0,0,0,23,15,8,0,0,0,0,0,15,26
Michigan,St. Clair,2018,90,89,0,1,0,0,0,106,21,3,0,0,0,90,0,0,26
Michigan,Tuscola,2018,59,59,0,0,0,0,0,44,40,33,0,0,59,0,0,0,26
Michigan,Washtenaw,2018,58,58,0,0,0,0,0,44,38,32,0,0,58,0,0,0,26
Michigan,Wayne,2018,90,85,5,0,0,0,0,59,47,31,0,39,0,5,1,45,26
Michigan,Wexford,2018,58,58,0,0,0,0,0,44,40,36,0,0,58,0,0,0,26
Minnesota,Anoka,2018,90,56,34,0,0,0,0,75,63,45,0,0,0,0,90,0,27
Minnesota,Becker,2018,90,86,4,0,0,0,0,60,43,23,0,0,0,0,90,0,27
Minnesota,Beltrami,2018,88,83,5,0,0,0,0,58,43,25,0,0,0,0,88,0,27
Minnesota,Carlton,2018,87,85,2,0,0,0,0,60,33,17,0,0,0,0,87,0,27
Minnesota,Cass,2018,88,74,14,0,0,0,0,77,55,30,0,0,0,0,88,0,27
Minnesota,Cook,2018,88,85,3,0,0,0,0,57,31,20,0,0,0,0,88,0,27
Minnesota,Crow Wing,2018,90,86,4,0,0,0,0,55,42,21,0,0,0,0,90,0,27
Minnesota,Dakota,2018,90,67,23,0,0,0,0,76,56,37,0,0,0,0,90,0,27
Minnesota,Hennepin,2018,90,55,35,0,0,0,0,79,63,43,0,0,0,0,90,0,27
Minnesota,Lake,2018,88,88,0,0,0,0,0,44,22,12,0,0,0,0,88,0,27
Minnesota,Lyon,2018,90,84,6,0,0,0,0,55,46,27,0,0,0,0,90,0,27
Minnesota,Olmsted,2018,90,62,28,0,0,0,0,74,61,43,0,0,0,0,90,0,27
Minnesota,Ramsey,2018,90,60,30,0,0,0,0,79,60,43,0,0,0,0,90,0,27
Minnesota,Saint Louis,2018,90,83,7,0,0,0,0,61,49,39,0,0,74,0,16,0,27
Minnesota,Scott,2018,28,22,6,0,0,0,0,58,55,36,0,0,0,0,28,0,27
Minnesota,Stearns,2018,90,73,17,0,0,0,0,70,55,31,0,0,0,0,90,0,27
Minnesota,Wright,2018,90,78,12,0,0,0,0,65,55,31,0,0,0,0,90,0,27
Mississippi,Yalobusha,2018,52,52,0,0,0,0,0,39,35,28,0,0,52,0,0,0,28
Montana,Flathead,2018,90,90,0,0,0,0,0,47,43,37,0,0,90,0,0,0,30
Montana,Gallatin,2018,90,90,0,0,0,0,0,34,17,6,19,50,0,0,21,0,30
Nebraska,Cass,2018,31,31,0,0,0,0,0,22,19,12,0,0,0,0,0,31,31
Nebraska,Douglas,2018,90,55,35,0,0,0,0,78,60,48,0,0,14,0,74,2,31
Nebraska,Hall,2018,20,18,2,0,0,0,0,68,51,22,0,0,0,0,20,0,31
Nebraska,Knox,2018,59,58,1,0,0,0,0,54,43,32,0,0,59,0,0,0,31
Nebraska,Lancaster,2018,18,13,5,0,0,0,0,66,54,29,0,0,0,0,18,0,31
Nebraska,Sarpy,2018,87,70,17,0,0,0,0,81,56,36,0,0,0,0,87,0,31
Nebraska,Scotts Bluff,2018,19,17,2,0,0,0,0,59,52,21,0,0,0,0,19,0,31
Nebraska,Washington,2018,27,23,4,0,0,0,0,69,52,30,0,0,0,0,27,0,31
Nevada,Clark,2018,90,44,43,2,1,0,0,154,73,51,0,25,28,0,32,5,32
Nevada,White Pine,2018,83,81,2,0,0,0,0,58,46,42,0,0,83,0,0,0,32
New Hampshire,Grafton,2018,59,59,0,0,0,0,0,46,38,34,0,0,59,0,0,0,33
New Jersey,Mercer,2018,58,58,0,0,0,0,0,41,36,30,0,0,58,0,0,0,34
New Mexico,Dona Ana,2018,120,87,30,1,2,0,0,187,72,39,0,0,0,0,0,120,35
New Mexico,Luna,2018,120,113,6,1,0,0,0,137,38,19,0,0,0,0,0,120,35
New Mexico,San Juan,2018,90,90,0,0,0,0,0,48,46,40,0,0,90,0,0,0,35
New York,Albany,2018,90,69,21,0,0,0,0,78,60,40,0,0,50,0,40,0,36
New York,Bronx,2018,90,68,22,0,0,0,0,80,58,41,0,22,20,0,48,0,36
New York,Chautauqua,2018,90,89,1,0,0,0,0,54,44,35,0,0,84,2,4,0,36
New York,Dutchess,2018,90,90,0,0,0,0,0,44,41,31,0,0,85,5,0,0,36
New York,Erie,2018,90,67,23,0,0,0,0,71,60,41,0,9,33,0,48,0,36
New York,Essex,2018,90,90,0,0,0,0,0,49,44,39,0,0,90,0,0,0,36
New York,Franklin,2018,90,90,0,0,0,0,0,1,0,0,0,0,0,90,0,0,36
New York,Hamilton,2018,90,90,0,0,0,0,0,47,43,37,0,0,89,1,0,0,36
New York,Herkimer,2018,90,90,0,0,0,0,0,49,44,36,0,0,90,0,0,0,36
New York,Jefferson,2018,28,28,0,0,0,0,0,44,40,35,0,0,28,0,0,0,36
New York,Kings,2018,90,79,11,0,0,0,0,67,53,33,0,0,0,0,90,0,36
New York,Monroe,2018,90,75,15,0,0,0,0,68,57,37,0,0,41,0,49,0,36
New York,Nassau,2018,90,84,6,0,0,0,0,61,49,31,0,0,0,0,90,0,36
New York,New York,2018,90,53,37,0,0,0,0,75,61,48,0,0,14,0,76,0,36
New York,Niagara,2018,28,28,0,0,0,0,0,44,41,36,0,0,28,0,0,0,36
New York,Oneida,2018,90,84,6,0,0,0,0,56,47,25,0,0,0,0,90,0,36
New York,Onondaga,2018,90,82,8,0,0,0,0,74,48,36,0,0,73,1,16,0,36
New York,Orange,2018,90,77,13,0,0,0,0,65,54,39,0,0,50,0,40,0,36
New York,Oswego,2018,89,89,0,0,0,0,0,45,42,35,0,0,89,0,0,0,36
New York,Putnam,2018,83,83,0,0,0,0,0,47,43,34,0,0,81,2,0,0,36
New York,Queens,2018,90,69,21,0,0,0,0,74,58,41,0,18,25,0,47,0,36
New York,Richmond,2018,90,76,14,0,0,0,0,73,55,34,0,0,6,0,84,0,36
New York,Rockland,2018,90,84,6,0,0,0,0,62,48,37,0,0,61,0,29,0,36
New York,Saratoga,2018,90,90,0,0,0,0,0,45,42,34,0,0,90,0,0,0,36
New York,Seneca,2018,90,90,0,0,0,0,0,16,0,0,0,0,0,90,0,0,36
New York,St. Lawrence,2018,90,66,18,6,0,0,0,108,96,26,0,0,0,90,0,0,36
New York,Steuben,2018,87,86,1,0,0,0,0,53,38,2,47,0,25,4,11,0,36
New York,Suffolk,2018,90,85,5,0,0,0,0,67,49,39,0,0,58,0,32,0,36
New York,Tompkins,2018,88,88,0,0,0,0,0,44,37,31,0,0,56,32,0,0,36
New York,Wayne,2018,32,32,0,0,0,0,0,45,44,39,0,0,32,0,0,0,36
New York,Westchester,2018,90,84,6,0,0,0,0,59,45,36,0,0,53,0,37,0,36
North Carolina,Avery,2018,43,43,0,0,0,0,0,41,39,36,0,0,43,0,0,0,37
North Carolina,Beaufort,2018,90,90,0,0,0,0,0,17,7,0,0,0,0,90,0,0,37
North Carolina,Brunswick,2018,90,83,6,1,0,0,0,116,44,0,0,0,0,90,0,0,37
North Carolina,Buncombe,2018,90,81,9,0,0,0,0,72,51,23,0,0,0,0,90,0,37
North Carolina,Carteret,2018,59,59,0,0,0,0,0,44,40,33,0,0,59,0,0,0,37
North Carolina,Catawba,2018,90,70,20,0,0,0,0,77,58,33,0,0,0,0,90,0,37
North Carolina,Cumberland,2018,87,76,11,0,0,0,0,72,53,28,0,0,0,0,86,1,37
North Carolina,Davidson,2018,89,70,19,0,0,0,0,73,56,33,0,0,0,0,89,0,37
North Carolina,Durham,2018,90,79,11,0,0,0,0,60,52,33,0,0,0,2,87,1,37
North Carolina,Edgecombe,2018,86,86,0,0,0,0,0,46,35,20,0,0,0,0,86,0,37
North Carolina,Forsyth,2018,31,31,0,0,0,0,0,35,31,21,0,31,0,0,0,0,37
North Carolina,Guilford,2018,90,78,12,0,0,0,0,70,54,29,0,0,0,0,88,2,37
North Carolina,Haywood,2018,90,55,16,13,6,0,0,199,135,20,0,0,0,90,0,0,37
North Carolina,Jackson,2018,14,11,3,0,0,0,0,66,59,30,0,0,0,0,14,0,37
North Carolina,Johnston,2018,90,79,11,0,0,0,0,81,53,30,0,0,0,0,90,0,37
North Carolina,Lee,2018,88,59,29,0,0,0,0,83,57,45,0,0,0,0,88,0,37
North Carolina,Lenoir,2018,58,58,0,0,0,0,0,19,17,13,0,0,0,0,0,58,37
North Carolina,Macon,2018,56,56,0,0,0,0,0,43,38,33,0,0,56,0,0,0,37
North Carolina,Mecklenburg,2018,120,90,30,0,0,0,0,79,60,44,0,3,68,0,49,0,37
North Carolina,Mitchell,2018,90,82,8,0,0,0,0,78,50,21,0,0,0,0,90,0,37
North Carolina,Montgomery,2018,86,82,4,0,0,0,0,97,43,32,0,0,40,0,46,0,37
North Carolina,New Hanover,2018,87,85,2,0,0,0,0,56,25,12,0,0,0,0,87,0,37
North Carolina,Person,2018,90,90,0,0,0,0,0,26,4,0,0,0,0,90,0,0,37
North Carolina,Pitt,2018,84,83,1,0,0,0,0,61,38,25,0,0,0,0,84,0,37
North Carolina,Rockingham,2018,90,90,0,0,0,0,0,19,3,0,0,0,0,90,0,0,37
North Carolina,Swain,2018,90,72,18,0,0,0,0,78,57,33,0,0,0,0,90,0,37
North Carolina,Wake,2018,90,71,19,0,0,0,0,69,56,36,0,5,0,0,85,0,37
North Dakota,Billings,2018,87,86,1,0,0,0,0,51,44,37,0,0,58,0,29,0,38
North Dakota,Burke,2018,87,81,6,0,0,0,0,71,46,36,0,0,83,0,4,0,38
North Dakota,Burleigh,2018,88,71,17,0,0,0,0,89,58,36,0,3,32,0,53,0,38
North Dakota,Cass,2018,87,79,8,0,0,0,0,80,50,38,0,4,48,0,35,0,38
North Dakota,Dunn,2018,87,83,4,0,0,0,0,64,44,36,0,1,65,0,21,0,38
North Dakota,McKenzie,2018,87,83,4,0,0,0,0,58,48,37,0,0,81,0,6,0,38
North Dakota,Mercer,2018,87,84,3,0,0,0,0,64,47,35,0,0,81,0,6,0,38
North Dakota,Oliver,2018,87,77,9,1,0,0,0,122,52,38,0,0,68,0,19,0,38
North Dakota,Ward,2018,87,78,9,0,0,0,0,84,52,38,0,0,69,0,18,0,38
North Dakota,Williams,2018,87,76,11,0,0,0,0,68,53,33,0,0,30,0,55,2,38
Ohio,Adams,2018,88,88,0,0,0,0,0,39,29,20,0,0,0,8,80,0,39
Ohio,Allen,2018,90,85,5,0,0,0,0,63,42,25,0,0,28,0,62,0,39
Ohio,Ashtabula,2018,90,90,0,0,0,0,0,46,42,1,0,0,30,60,0,0,39
Ohio,Athens,2018,16,16,0,0,0,0,0,40,36,23,0,0,0,0,16,0,39
Ohio,Belmont,2018,90,88,2,0,0,0,0,62,32,21,0,65,0,0,25,0,39
Ohio,Butler,2018,90,79,11,0,0,0,0,89,53,37,0,0,69,1,20,0,39
Ohio,Clark,2018,90,65,25,0,0,0,0,94,61,41,0,0,24,3,63,0,39
Ohio,Clermont,2018,87,76,11,0,0,0,0,60,52,41,0,0,30,0,57,0,39
Ohio,Clinton,2018,31,31,0,0,0,0,0,45,44,38,0,0,31,0,0,0,39
Ohio,Columbiana,2018,95,94,1,0,0,0,0,52,12,0,0,0,0,75,0,20,39
Ohio,Cuyahoga,2018,90,59,31,0,0,0,0,91,63,42,0,7,32,0,49,2,39
Ohio,Delaware,2018,31,31,0,0,0,0,0,44,44,39,0,0,31,0,0,0,39
Ohio,Fayette,2018,59,59,0,0,0,0,0,44,37,31,0,0,59,0,0,0,39
Ohio,Franklin,2018,90,71,19,0,0,0,0,78,59,39,0,16,28,0,46,0,39
Ohio,Gallia,2018,120,119,1,0,0,0,0,61,19,3,0,0,0,120,0,0,39
Ohio,Geauga,2018,31,31,0,0,0,0,0,47,44,41,0,0,31,0,0,0,39
Ohio,Greene,2018,88,71,17,0,0,0,0,78,54,38,0,0,27,0,61,0,39
Ohio,Hamilton,2018,90,67,23,0,0,0,0,89,61,45,0,14,23,0,53,0,39
Ohio,Harrison,2018,15,14,1,0,0,0,0,53,49,29,0,0,0,0,15,0,39
Ohio,Jefferson,2018,90,56,34,0,0,0,0,83,62,48,0,0,1,21,68,0,39
Ohio,Knox,2018,31,31,0,0,0,0,0,46,44,39,0,0,31,0,0,0,39
Ohio,Lake,2018,90,85,5,0,0,0,0,75,43,35,0,0,31,0,59,0,39
Ohio,Lawrence,2018,90,90,0,0,0,0,0,47,43,29,0,0,31,0,59,0,39
Ohio,Licking,2018,31,31,0,0,0,0,0,43,41,36,0,0,31,0,0,0,39
Ohio,Lorain,2018,90,86,4,0,0,0,0,75,41,28,0,0,29,0,61,0,39
Ohio,Lucas,2018,90,81,9,0,0,0,0,74,51,35,0,0,27,5,58,0,39
Ohio,Madison,2018,31,31,0,0,0,0,0,44,44,39,0,0,31,0,0,0,39
Ohio,Mahoning,2018,90,87,3,0,0,0,0,57,43,33,0,0,26,0,63,1,39
Ohio,Medina,2018,90,69,21,0,0,0,0,84,60,38,0,0,27,0,63,0,39
Ohio,Miami,2018,31,31,0,0,0,0,0,45,43,38,0,0,31,0,0,0,39
Ohio,Montgomery,2018,90,74,16,0,0,0,0,99,58,38,6,0,28,0,56,0,39
Ohio,Morgan,2018,89,89,0,0,0,0,0,31,13,3,0,0,0,89,0,0,39
Ohio,Noble,2018,46,46,0,0,0,0,0,46,37,32,0,0,46,0,0,0,39
Ohio,Portage,2018,49,45,4,0,0,0,0,73,47,35,0,0,31,0,18,0,39
Ohio,Preble,2018,90,80,9,1,0,0,0,107,52,38,0,0,43,0,47,0,39
Ohio,Scioto,2018,90,87,3,0,0,0,0,82,33,11,0,0,0,22,25,43,39
Ohio,Stark,2018,90,69,21,0,0,0,0,82,61,41,1,0,25,0,64,0,39
Ohio,Summit,2018,90,71,19,0,0,0,0,79,60,36,0,0,26,0,64,0,39
Ohio,Trumbull,2018,78,74,4,0,0,0,0,78,46,35,0,0,31,0,47,0,39
Ohio,Warren,2018,88,71,17,0,0,0,0,73,62,39,0,0,31,0,57,0,39
Ohio,Washington,2018,31,30,1,0,0,0,0,64,45,40,0,0,31,0,0,0,39
Ohio,Wood,2018,31,31,0,0,0,0,0,44,40,36,0,0,31,0,0,0,39
Oklahoma,Bryan,2018,46,41,5,0,0,0,0,77,51,40,0,0,46,0,0,0,40
Oklahoma,Canadian,2018,89,87,2,0,0,0,0,67,47,31,0,0,89,0,0,0,40
Oklahoma,Carter,2018,90,76,14,0,0,0,0,79,55,30,0,0,0,0,90,0,40
Oklahoma,Cleveland,2018,90,63,27,0,0,0,0,89,59,43,0,0,37,0,53,0,40
Oklahoma,Comanche,2018,90,81,9,0,0,0,0,67,51,36,0,0,74,0,16,0,40
Oklahoma,Creek,2018,90,83,7,0,0,0,0,93,47,34,0,0,90,0,0,0,40
Oklahoma,Custer,2018,90,88,2,0,0,0,0,65,32,18,0,0,0,0,0,90,40
Oklahoma,Dewey,2018,90,78,12,0,0,0,0,78,52,38,0,0,55,0,35,0,40
Oklahoma,Garfield,2018,90,88,2,0,0,0,0,61,23,0,0,0,0,90,0,0,40
Oklahoma,Jefferson,2018,33,26,7,0,0,0,0,80,64,46,0,0,33,0,0,0,40
Oklahoma,Kay,2018,90,69,20,1,0,0,0,107,57,39,0,0,0,2,88,0,40
Oklahoma,Love,2018,25,19,6,0,0,0,0,84,64,44,0,0,25,0,0,0,40
Oklahoma,Mayes,2018,90,90,0,0,0,0,0,39,27,6,0,0,0,90,0,0,40
Oklahoma,McClain,2018,75,71,4,0,0,0,0,77,47,33,0,0,75,0,0,0,40
Oklahoma,Muskogee,2018,90,81,8,1,0,0,0,101,51,17,0,0,0,17,0,73,40
Oklahoma,Nowata,2018,80,66,14,0,0,0,0,83,56,36,0,0,0,0,80,0,40
Oklahoma,Oklahoma,2018,90,67,23,0,0,0,0,90,60,38,0,10,42,0,36,2,40
Oklahoma,Osage,2018,58,58,0,0,0,0,0,45,37,31,0,0,58,0,0,0,40
Oklahoma,Ottawa,2018,90,82,8,0,0,0,0,84,49,33,0,0,63,0,27,0,40
Oklahoma,Pittsburg,2018,87,74,13,0,0,0,0,95,60,31,0,0,27,0,60,0,40
Oklahoma,Sequoyah,2018,30,23,7,0,0,0,0,67,59,31,0,0,0,0,30,0,40
Oklahoma,Tulsa,2018,90,50,40,0,0,0,0,97,73,47,0,1,27,0,62,0,40
Pennsylvania,Adams,2018,53,53,0,0,0,0,0,41,38,31,0,0,53,0,0,0,42
Pennsylvania,Allegheny,2018,90,53,35,2,0,0,0,125,84,46,0,1,27,13,49,0,42
Pennsylvania,Centre,2018,57,57,0,0,0,0,0,44,38,31,0,0,57,0,0,0,42
Pennsylvania,Elk,2018,59,59,0,0,0,0,0,44,41,34,0,0,59,0,0,0,42
Pennsylvania,Mercer,2018,50,50,0,0,0,0,0,44,40,33,0,0,50,0,0,0,42
Pennsylvania,Philadelphia,2018,4,2,2,0,0,0,0,58,58,57,0,0,0,0,4,0,42
Pennsylvania,Somerset,2018,59,59,0,0,0,0,0,44,38,31,0,0,59,0,0,0,42
Rhode Island,Kent,2018,31,30,1,0,0,0,0,61,47,23,0,0,0,0,31,0,44
Rhode Island,Providence,2018,31,20,11,0,0,0,0,75,66,46,0,2,8,0,21,0,44
Rhode Island,Washington,2018,30,27,3,0,0,0,0,61,54,24,0,0,0,0,30,0,44
South Carolina,Aiken,2018,53,45,8,0,0,0,0,71,54,44,0,0,53,0,0,0,45
South Carolina,Anderson,2018,83,82,1,0,0,0,0,51,44,36,0,0,83,0,0,0,45
South Carolina,Berkeley,2018,82,79,3,0,0,0,0,58,47,38,0,0,82,0,0,0,45
South Carolina,Charleston,2018,120,108,12,0,0,0,0,76,51,39,0,3,91,0,26,0,45
South Carolina,Chesterfield,2018,101,89,12,0,0,0,0,67,52,38,0,0,76,0,25,0,45
South Carolina,Colleton,2018,120,110,10,0,0,0,0,72,49,37,0,0,97,0,23,0,45
South Carolina,Darlington,2018,77,73,4,0,0,0,0,61,48,39,0,0,77,0,0,0,45
South Carolina,Edgefield,2018,119,101,18,0,0,0,0,90,54,38,0,0,89,0,30,0,45
South Carolina,Florence,2018,110,100,10,0,0,0,0,66,50,29,0,0,0,0,110,0,45
South Carolina,Georgetown,2018,108,108,0,0,0,0,0,44,29,15,0,0,0,0,0,108,45
South Carolina,Greenville,2018,120,101,19,0,0,0,0,66,58,41,0,7,66,0,47,0,45
South Carolina,Horry,2018,117,107,10,0,0,0,0,67,49,36,0,0,117,0,0,0,45
South Carolina,Lexington,2018,120,97,23,0,0,0,0,92,56,36,0,0,0,0,114,6,45
South Carolina,Oconee,2018,119,102,17,0,0,0,0,90,58,38,0,0,108,0,11,0,45
South Carolina,Pickens,2018,82,71,11,0,0,0,0,84,54,42,0,0,82,0,0,0,45
South Carolina,Richland,2018,120,103,17,0,0,0,0,81,54,39,0,1,95,0,24,0,45
South Carolina,Spartanburg,2018,115,94,21,0,0,0,0,74,54,42,0,0,58,0,57,0,45
South Carolina,York,2018,117,110,7,0,0,0,0,77,48,34,0,0,117,0,0,0,45
Tennessee,Blount,2018,90,88,2,0,0,0,0,87,47,39,0,0,77,0,13,0,47
Tennessee,Claiborne,2018,59,59,0,0,0,0,0,42,35,30,0,0,59,0,0,0,47
Tennessee,DeKalb,2018,58,58,0,0,0,0,0,45,40,32,0,0,58,0,0,0,47
Tennessee,Hamilton,2018,68,52,16,0,0,0,0,60,55,39,0,0,0,0,68,0,47
Tennessee,Knox,2018,118,110,8,0,0,0,0,74,46,31,0,0,59,0,0,59,47
Tennessee,Sevier,2018,90,85,5,0,0,0,0,87,49,41,0,0,90,0,0,0,47
Texas,Brewster,2018,89,83,6,0,0,0,0,58,49,39,0,0,89,0,0,0,48
Texas,Polk,2018,59,59,0,0,0,0,0,41,36,29,0,0,59,0,0,0,48
Texas,Randall,2018,59,59,0,0,0,0,0,48,44,37,0,0,59,0,0,0,48
Utah,Box Elder,2018,120,105,14,1,0,0,0,115,54,41,0,2,99,0,19,0,49
Utah,Cache,2018,120,98,20,2,0,0,0,120,60,43,0,0,91,0,29,0,49
Utah,Carbon,2018,90,87,3,0,0,0,0,54,49,41,0,0,90,0,0,0,49
Utah,Davis,2018,120,99,21,0,0,0,0,97,57,41,0,21,78,0,20,1,49
Utah,Duchesne,2018,120,108,12,0,0,0,0,74,51,43,0,0,106,0,14,0,49
Utah,Iron,2018,91,91,0,0,0,0,0,48,44,29,0,1,54,0,36,0,49
Utah,Salt Lake,2018,120,103,15,2,0,0,0,123,59,42,0,35,34,0,41,10,49
Utah,San Juan,2018,90,89,1,0,0,0,0,58,46,41,0,0,90,0,0,0,49
Utah,Tooele,2018,120,102,17,1,0,0,0,121,58,42,0,0,102,0,18,0,49
Utah,Uintah,2018,120,97,23,0,0,0,0,84,58,44,0,0,113,0,7,0,49
Utah,Utah,2018,120,108,12,0,0,0,0,74,51,36,0,10,58,0,48,4,49
Utah,Washington,2018,90,90,0,0,0,0,0,47,44,33,0,1,86,0,3,0,49
Utah,Weber,2018,120,98,22,0,0,0,0,97,54,43,0,32,71,0,13,4,49
Virginia,Albemarle,2018,20,20,0,0,0,0,0,48,45,29,0,0,0,0,20,0,51
Virginia,Arlington,2018,19,14,5,0,0,0,0,60,57,33,0,0,0,0,19,0,51
Virginia,Botetourt,2018,90,90,0,0,0,0,0,41,19,1,0,0,0,90,0,0,51
Virginia,Bristol City,2018,20,19,1,0,0,0,0,67,47,28,0,0,0,0,20,0,51
Virginia,Carroll,2018,19,19,0,0,0,0,0,19,15,9,0,0,0,0,0,19,51
Virginia,Charles,2018,19,19,0,0,0,0,0,40,37,25,0,0,0,0,19,0,51
Virginia,Chesterfield,2018,20,19,1,0,0,0,0,51,42,23,0,0,0,0,20,0,51
Virginia,Covington City,2018,90,90,0,0,0,0,0,43,16,3,0,0,0,90,0,0,51
Virginia,Fairfax,2018,66,61,5,0,0,0,0,66,45,25,0,0,0,0,58,8,51
Virginia,Frederick,2018,20,15,5,0,0,0,0,85,58,30,0,0,0,0,20,0,51
Virginia,Giles,2018,85,77,6,2,0,0,0,118,49,33,0,0,43,42,0,0,51
Virginia,Hampton City,2018,28,27,1,0,0,0,0,55,32,17,0,0,0,0,18,10,51
Virginia,Henrico,2018,35,34,1,0,0,0,0,51,38,21,0,0,0,0,24,11,51
Virginia,Hopewell City,2018,18,18,0,0,0,0,0,13,10,8,0,0,0,0,0,18,51
Virginia,Loudoun,2018,20,17,3,0,0,0,0,56,55,31,0,0,0,0,20,0,51
Virginia,Lynchburg City,2018,20,20,0,0,0,0,0,47,44,30,0,0,0,0,20,0,51
Virginia,Madison,2018,89,89,0,0,0,0,0,48,44,38,0,0,89,0,0,0,51
Virginia,Norfolk City,2018,29,28,1,0,0,0,0,60,35,19,0,0,0,0,20,9,51
Virginia,Prince Edward,2018,58,58,0,0,0,0,0,42,37,32,0,0,58,0,0,0,51
Virginia,Richmond City,2018,19,16,3,0,0,0,0,58,55,30,0,0,0,0,19,0,51
Virginia,Roanoke,2018,19,17,2,0,0,0,0,70,58,29,0,0,0,0,19,0,51
Virginia,Rockingham,2018,19,19,0,0,0,0,0,49,43,27,0,0,0,0,19,0,51
Virginia,Salem City,2018,19,17,2,0,0,0,0,72,54,31,0,0,0,0,19,0,51
Virginia,Stafford,2018,16,16,0,0,0,0,0,19,10,6,0,0,0,0,0,16,51
Virginia,Virginia Beach City,2018,17,15,2,0,0,0,0,65,52,22,0,0,0,0,17,0,51
Virginia,Winchester City,2018,20,20,0,0,0,0,0,17,16,6,0,0,0,0,0,20,51
Washington,Adams,2018,31,31,0,0,0,0,0,45,26,10,0,0,0,0,31,0,53
Washington,Asotin,2018,31,26,5,0,0,0,0,70,54,25,0,0,0,0,31,0,53
Washington,Benton,2018,31,28,3,0,0,0,0,57,43,22,0,0,0,0,28,3,53
Washington,Chelan,2018,31,22,9,0,0,0,0,64,60,43,0,0,0,0,31,0,53
Washington,Clallam,2018,31,19,12,0,0,0,0,63,58,45,0,0,9,0,22,0,53
Washington,Clark,2018,31,26,4,1,0,0,0,103,56,19,0,0,0,0,31,0,53
Washington,Columbia,2018,21,20,1,0,0,0,0,55,39,20,0,0,0,0,21,0,53
Washington,Cowlitz,2018,31,30,1,0,0,0,0,52,38,23,0,0,0,0,31,0,53
Washington,Franklin,2018,31,28,3,0,0,0,0,58,38,18,0,0,0,0,31,0,53
Washington,Garfield,2018,31,31,0,0,0,0,0,39,20,11,0,0,0,0,31,0,53
Washington,Grant,2018,31,28,3,0,0,0,0,57,39,21,0,5,0,0,26,0,53
Washington,Grays Harbor,2018,31,30,1,0,0,0,0,57,38,26,0,0,0,0,31,0,53
Washington,Jefferson,2018,31,30,1,0,0,0,0,54,33,16,0,0,0,0,31,0,53
Washington,King,2018,31,26,5,0,0,0,0,70,52,39,0,18,0,0,13,0,53
Washington,Kittitas,2018,31,26,5,0,0,0,0,60,55,28,0,0,0,0,31,0,53
Washington,Lewis,2018,31,29,2,0,0,0,0,60,47,19,0,0,0,0,31,0,53
Washington,Mason,2018,31,26,5,0,0,0,0,58,56,25,0,0,0,0,31,0,53
Washington,Okanogan,2018,31,10,21,0,0,0,0,76,71,56,0,0,0,0,31,0,53
Washington,Pierce,2018,31,23,8,0,0,0,0,89,67,40,0,0,23,0,8,0,53
Washington,Skagit,2018,31,31,0,0,0,0,0,31,23,12,0,0,0,0,31,0,53
Washington,Spokane,2018,31,27,4,0,0,0,0,61,51,27,0,0,0,0,27,4,53
Washington,Stevens,2018,31,14,17,0,0,0,0,76,64,52,0,0,0,0,29,2,53
Washington,Thurston,2018,9,9,0,0,0,0,0,16,16,8,0,0,0,0,9,0,53
Washington,Walla Walla,2018,31,29,2,0,0,0,0,58,42,20,0,0,0,0,26,5,53
Washington,Whatcom,2018,31,22,8,1,0,0,0,104,69,35,0,0,0,15,16,0,53
Washington,Whitman,2018,31,31,0,0,0,0,0,42,32,10,0,0,0,0,31,0,53
Washington,Yakima,2018,31,19,12,0,0,0,0,81,64,45,0,0,0,0,31,0,53
West Virginia,Berkeley,2018,31,31,0,0,0,0,0,50,44,40,0,0,31,0,0,0,54
West Virginia,Brooke,2018,90,88,2,0,0,0,0,62,24,11,0,0,0,56,0,34,54
West Virginia,Cabell,2018,31,31,0,0,0,0,0,46,44,37,0,0,31,0,0,0,54
West Virginia,Gilmer,2018,59,59,0,0,0,0,0,44,36,30,0,0,59,0,0,0,54
West Virginia,Greenbrier,2018,31,31,0,0,0,0,0,45,44,39,0,0,31,0,0,0,54
West Virginia,Hancock,2018,90,90,0,0,0,0,0,48,41,13,0,0,31,32,0,27,54
West Virginia,Kanawha,2018,90,77,13,0,0,0,0,67,52,42,0,0,28,0,62,0,54
West Virginia,Marshall,2018,90,56,34,0,0,0,0,93,68,44,0,0,0,0,90,0,54
West Virginia,Mason,2018,113,112,1,0,0,0,0,60,10,1,0,0,0,113,0,0,54
West Virginia,Mineral,2018,89,64,9,9,7,0,0,200,141,4,0,0,0,89,0,0,54
West Virginia,Monongalia,2018,57,57,0,0,0,0,0,44,40,29,0,0,30,27,0,0,54
West Virginia,Ohio,2018,31,31,0,0,0,0,0,45,44,39,0,0,31,0,0,0,54
West Virginia,Tucker,2018,59,59,0,0,0,0,0,44,38,32,0,0,59,0,0,0,54
West Virginia,Wood,2018,88,87,1,0,0,0,0,57,37,11,0,0,31,57,0,0,54
Wisconsin,Ashland,2018,28,28,0,0,0,0,0,44,38,35,0,0,28,0,0,0,55
Wisconsin,Brown,2018,31,29,2,0,0,0,0,72,47,28,0,0,0,1,30,0,55
Wisconsin,Dane,2018,35,30,5,0,0,0,0,72,57,35,0,0,0,0,31,4,55
Wisconsin,Dodge,2018,36,31,5,0,0,0,0,61,56,32,0,0,13,0,18,5,55
Wisconsin,Eau Claire,2018,31,20,11,0,0,0,0,68,55,45,0,0,0,0,31,0,55
Wisconsin,Forest,2018,31,30,1,0,0,0,0,52,47,35,0,0,24,0,7,0,55
Wisconsin,Grant,2018,31,22,9,0,0,0,0,65,55,42,0,0,0,0,31,0,55
Wisconsin,Kenosha,2018,31,27,4,0,0,0,0,76,54,30,0,0,0,0,31,0,55
Wisconsin,La Crosse,2018,31,28,3,0,0,0,0,78,40,30,0,0,0,0,31,0,55
Wisconsin,Milwaukee,2018,37,28,9,0,0,0,0,71,57,37,0,2,4,0,25,6,55
Wisconsin,Oneida,2018,31,28,3,0,0,0,0,62,46,0,0,0,0,31,0,0,55
Wisconsin,Outagamie,2018,31,21,8,2,0,0,0,123,69,35,0,0,0,5,26,0,55
Wisconsin,Ozaukee,2018,29,27,2,0,0,0,0,62,48,27,0,0,0,0,29,0,55
Wisconsin,Sauk,2018,31,27,4,0,0,0,0,60,51,34,0,0,0,0,31,0,55
Wisconsin,Taylor,2018,59,56,3,0,0,0,0,55,47,34,0,0,50,0,9,0,55
Wisconsin,Vilas,2018,31,30,1,0,0,0,0,52,41,15,0,0,0,0,31,0,55
Wisconsin,Waukesha,2018,36,29,7,0,0,0,0,67,61,35,0,0,0,0,31,5,55
Wyoming,Albany,2018,68,67,1,0,0,0,0,54,48,44,0,0,59,0,6,3,56
Wyoming,Campbell,2018,90,89,1,0,0,0,0,76,20,12,0,0,0,0,0,90,56
Wyoming,Converse,2018,90,90,0,0,0,0,0,47,44,38,0,0,89,0,0,1,56
Wyoming,Fremont,2018,28,20,8,0,0,0,0,91,70,27,0,0,0,0,23,5,56
Wyoming,Laramie,2018,30,29,1,0,0,0,0,53,24,12,0,0,0,0,26,4,56
Wyoming,Lincoln,2018,90,89,1,0,0,0,0,55,25,6,0,0,0,0,0,90,56
Wyoming,Natrona,2018,30,30,0,0,0,0,0,35,20,11,0,0,0,0,26,4,56
Wyoming,Park,2018,30,29,1,0,0,0,0,55,35,12,0,0,0,0,13,17,56
Wyoming,Sheridan,2018,31,23,8,0,0,0,0,81,61,29,0,0,0,0,31,0,56
Wyoming,Sublette,2018,90,89,1,0,0,0,0,58,46,43,0,0,90,0,0,0,56
Wyoming,Sweetwater,2018,90,89,1,0,0,0,0,65,45,40,0,0,89,0,1,0,56
Wyoming,Teton,2018,90,86,4,0,0,0,0,58,49,41,0,0,87,0,3,0,56